{
    "type": "object",
    "properties": {
      "champion_id": {
        "type": "string"
      },
      "vehicle_id": {
        "type": "string"
      },
      "lastUpdateTime": {
        "type": "string"
      },
      "messageInfo": {
        "type": "object",
        "properties": {
          "documentStatus": {
            "type": "string"
          },
          "origin": {
            "type": "string"
          }
        },
        "required": [
          "documentStatus",
          "origin"
        ]
      }
    },
    "required": [
      "champion_id",
      "lastUpdateTime",
      "messageInfo",
      "vehicle_id"
    ]
  }
